FIR_UID,Latitude,Longitude,BNS_Section,Weapon_Type,Time_of_Day,Dist_to_PS
FIR-2024-1000,18.9432,72.8231,111,Blunt Object,Evening,4.83
FIR-2024-1001,18.9221,72.8337,70,Firearm,Morning,2.95
FIR-2024-1002,19.242,72.865,126,Blunt Object,Evening,4.07
FIR-2024-1003,19.172,72.94,310,Explosive,Evening,2.53
FIR-2024-1004,18.99,72.82,310,Explosive,Afternoon,3.02
FIR-2024-1005,19.015,72.84,115,Blunt Object,Night,2.95
FIR-2024-1006,19.252,72.875,126,Firearm,Evening,1.12
FIR-2024-1007,19.255,72.865,310,Sharp Object,Afternoon,2.72
FIR-2024-1008,19.272,72.895,126,None,Evening,3.3
FIR-2024-1009,19.232,72.855,320,Explosive,Morning,3.21
FIR-2024-1010,19.086,72.908,115,Firearm,Night,2.1
FIR-2024-1011,19.21,72.87,115,Sharp Object,Evening,4.52
FIR-2024-1012,18.9221,72.8337,111,Explosive,Morning,0.92
FIR-2024-1013,19.106,72.825,111,Sharp Object,Night,4.47
FIR-2024-1014,19.0222,72.84,320,Explosive,Afternoon,3.44
FIR-2024-1015,19.142,72.89,103,Blunt Object,Night,3.57
FIR-2024-1016,19.185,72.835,303,None,Evening,2.02
FIR-2024-1017,19.132,72.88,320,None,Evening,2.38
FIR-2024-1018,19.062,72.898,70,Sharp Object,Afternoon,4.43
FIR-2024-1019,19.145,72.855,303,Explosive,Morning,4.7
FIR-2024-1020,18.9221,72.8337,320,Firearm,Night,3.8
FIR-2024-1021,19.272,72.895,70,None,Evening,0.87
FIR-2024-1022,19.245,72.85,320,Sharp Object,Evening,1.64
FIR-2024-1023,19.092,72.83,111,None,Afternoon,4.16
FIR-2024-1024,18.972,72.825,103,Firearm,Night,4.24
FIR-2024-1025,18.995,72.84,303,Sharp Object,Afternoon,2.44
FIR-2024-1026,19.13,72.815,111,Explosive,Morning,2.37
FIR-2024-1027,19.11,72.92,303,Explosive,Morning,1.45
FIR-2024-1028,19.08,72.89,103,None,Morning,1.25
FIR-2024-1029,19.172,72.92,320,Explosive,Afternoon,1.99
FIR-2024-1030,19.075,72.865,126,Blunt Object,Evening,3.43
FIR-2024-1031,19.245,72.85,111,None,Evening,1.72
FIR-2024-1032,19.002,72.818,310,Sharp Object,Morning,1.32
FIR-2024-1033,19.04,72.925,303,Sharp Object,Afternoon,2.1
FIR-2024-1034,18.93,72.83,115,None,Afternoon,3.19
FIR-2024-1035,18.9633,72.8155,111,Firearm,Evening,2.08
FIR-2024-1036,18.93,72.83,126,Firearm,Morning,4.43
FIR-2024-1037,19.088,72.868,310,Blunt Object,Afternoon,2.02
FIR-2024-1038,19.043,72.825,310,Blunt Object,Night,2.79
FIR-2024-1039,19.03,72.845,320,None,Night,2.77
FIR-2024-1040,19.05,72.93,103,Sharp Object,Afternoon,4.95
FIR-2024-1041,19.043,72.825,103,Sharp Object,Morning,3.02
FIR-2024-1042,19.055,72.915,70,None,Morning,2.36
FIR-2024-1043,19.202,72.86,111,Explosive,Evening,2.96
FIR-2024-1044,18.965,72.805,70,Sharp Object,Afternoon,1.81
FIR-2024-1045,19.015,72.84,103,Blunt Object,Afternoon,4.76
FIR-2024-1046,18.985,72.83,310,Explosive,Afternoon,3.39
FIR-2024-1047,19.043,72.825,111,Sharp Object,Evening,0.68
FIR-2024-1048,19.07,72.88,70,Explosive,Evening,2.44
FIR-2024-1049,18.968,72.813,111,Sharp Object,Evening,2.37
FIR-2024-1050,19.106,72.825,126,Sharp Object,Evening,0.75
FIR-2024-1051,19.115,72.885,103,Explosive,Afternoon,3.81
FIR-2024-1052,19.088,72.868,126,Sharp Object,Afternoon,0.44
FIR-2024-1053,19.055,72.915,115,Blunt Object,Morning,1.6
FIR-2024-1054,18.968,72.813,103,Firearm,Morning,3.75
FIR-2024-1055,19.1,72.84,70,Explosive,Afternoon,4.93
FIR-2024-1056,19.202,72.86,103,Firearm,Afternoon,3.08
FIR-2024-1057,19.08,72.89,103,Sharp Object,Night,4.01
FIR-2024-1058,18.9221,72.8337,310,Firearm,Evening,4.49
FIR-2024-1059,18.93,72.83,310,Sharp Object,Night,0.23
FIR-2024-1060,19.272,72.895,111,Sharp Object,Morning,0.81
FIR-2024-1061,19.145,72.93,115,Firearm,Morning,1.37
FIR-2024-1062,19.142,72.89,320,Explosive,Afternoon,2.97
FIR-2024-1063,19.172,72.94,126,Explosive,Morning,2.75
FIR-2024-1064,19.06,72.84,103,Explosive,Night,4.47
FIR-2024-1065,19.106,72.825,70,Blunt Object,Night,2.77
FIR-2024-1066,19.132,72.88,111,Firearm,Evening,3.2
FIR-2024-1067,18.965,72.805,70,Blunt Object,Night,3.65
FIR-2024-1068,19.272,72.895,310,Blunt Object,Afternoon,2.2
FIR-2024-1069,18.9548,72.7985,111,Sharp Object,Night,4.88
FIR-2024-1070,18.93,72.83,303,Sharp Object,Morning,2.36
FIR-2024-1071,19.142,72.89,126,Firearm,Evening,4.84
FIR-2024-1072,18.968,72.813,320,Firearm,Morning,3.36
FIR-2024-1073,19.125,72.835,303,Blunt Object,Night,1.6
FIR-2024-1074,18.969,72.8205,103,Sharp Object,Evening,4.04
FIR-2024-1075,19.11,72.895,320,Blunt Object,Morning,0.45
FIR-2024-1076,19.086,72.908,115,Sharp Object,Evening,0.48
FIR-2024-1077,18.958,72.805,115,Sharp Object,Evening,2.24
FIR-2024-1078,18.94,72.8353,303,None,Afternoon,0.83
FIR-2024-1079,19.145,72.93,126,Explosive,Afternoon,0.44
FIR-2024-1080,18.9221,72.8337,126,Sharp Object,Morning,0.26
FIR-2024-1081,19.05,72.93,310,Blunt Object,Afternoon,4.94
FIR-2024-1082,19.21,72.87,310,Firearm,Evening,1.99
FIR-2024-1083,18.972,72.825,126,Explosive,Morning,1.77
FIR-2024-1084,19.075,72.865,303,Explosive,Morning,4.24
FIR-2024-1085,19.212,72.85,320,Explosive,Evening,1.91
FIR-2024-1086,19.045,72.835,310,None,Evening,3.8
FIR-2024-1087,19.175,72.885,310,Sharp Object,Afternoon,3.26
FIR-2024-1088,19.262,72.885,103,Firearm,Night,2.73
FIR-2024-1089,19.212,72.85,320,Blunt Object,Night,0.71
FIR-2024-1090,19.272,72.895,303,Blunt Object,Evening,1.9
FIR-2024-1091,19.252,72.875,115,Blunt Object,Evening,3.97
FIR-2024-1092,18.945,72.838,111,Firearm,Evening,4.45
FIR-2024-1093,19.185,72.835,310,Explosive,Night,1.56
FIR-2024-1094,18.995,72.84,111,Firearm,Morning,3.38
FIR-2024-1095,18.9221,72.8337,115,Explosive,Evening,1.09
FIR-2024-1096,19.092,72.83,303,Sharp Object,Morning,1.62
FIR-2024-1097,19.06,72.84,70,None,Night,4.46
FIR-2024-1098,19.037,72.8633,115,Blunt Object,Morning,1.97
FIR-2024-1099,19.07,72.88,70,Blunt Object,Morning,3.54
FIR-2024-1100,19.058,72.845,310,Blunt Object,Afternoon,2.25
FIR-2024-1101,18.9221,72.8337,115,Sharp Object,Evening,0.55
FIR-2024-1102,19.135,72.845,320,Sharp Object,Evening,0.19
FIR-2024-1103,18.9633,72.8155,111,None,Evening,3.95
FIR-2024-1104,19.075,72.865,111,Blunt Object,Night,4.96
FIR-2024-1105,18.985,72.83,310,Explosive,Evening,2.31
FIR-2024-1106,19.255,72.865,115,Sharp Object,Night,3.63
FIR-2024-1107,18.958,72.805,111,Explosive,Night,1.56
FIR-2024-1108,19.192,72.94,320,Blunt Object,Night,0.21
FIR-2024-1109,19.175,72.885,103,Blunt Object,Afternoon,1.38
FIR-2024-1110,19.1,72.88,126,Blunt Object,Night,4.81
FIR-2024-1111,19.07,72.88,70,Firearm,Morning,1.95
FIR-2024-1112,18.965,72.805,126,None,Afternoon,2.05
FIR-2024-1113,19.075,72.865,111,Explosive,Afternoon,4.99
FIR-2024-1114,19.117,72.875,126,Sharp Object,Evening,3.61
FIR-2024-1115,19.106,72.825,103,Blunt Object,Afternoon,4.99
FIR-2024-1116,19.021,72.854,111,Explosive,Evening,1.75
FIR-2024-1117,19.0222,72.84,103,Sharp Object,Evening,2.65
FIR-2024-1118,19.212,72.85,303,Explosive,Afternoon,2.42
FIR-2024-1119,19.04,72.925,70,None,Afternoon,2.26
FIR-2024-1120,19.202,72.86,115,Firearm,Evening,3.4
FIR-2024-1121,18.99,72.82,310,Blunt Object,Evening,2.7
FIR-2024-1122,19.11,72.92,103,Sharp Object,Morning,3.08
FIR-2024-1123,19.09,72.9,126,Sharp Object,Night,2.92
FIR-2024-1124,19.04,72.925,111,Blunt Object,Evening,1.09
FIR-2024-1125,19.125,72.835,320,Explosive,Night,1.0
FIR-2024-1126,19.11,72.895,310,Firearm,Afternoon,2.14
FIR-2024-1127,19.272,72.895,126,Blunt Object,Afternoon,4.22
FIR-2024-1128,19.13,72.815,310,Sharp Object,Morning,1.37
FIR-2024-1129,19.1,72.88,111,Sharp Object,Afternoon,3.18
FIR-2024-1130,19.065,72.863,320,Blunt Object,Evening,0.51
FIR-2024-1131,18.9633,72.8155,310,Explosive,Evening,0.76
FIR-2024-1132,19.262,72.885,320,Sharp Object,Evening,1.21
FIR-2024-1133,19.085,72.845,111,Blunt Object,Night,4.65
FIR-2024-1134,19.13,72.815,115,Blunt Object,Evening,2.95
FIR-2024-1135,19.192,72.94,126,Sharp Object,Afternoon,0.46
FIR-2024-1136,18.93,72.83,126,Sharp Object,Night,3.54
FIR-2024-1137,19.07,72.83,70,Explosive,Evening,4.27
FIR-2024-1138,19.04,72.925,126,None,Afternoon,2.13
FIR-2024-1139,19.152,72.9,303,None,Afternoon,0.52
FIR-2024-1140,19.025,72.83,126,Firearm,Evening,0.99
FIR-2024-1141,19.07,72.88,126,None,Night,4.82
FIR-2024-1142,19.052,72.85,115,Sharp Object,Morning,4.68
FIR-2024-1143,19.245,72.85,115,None,Night,3.91
FIR-2024-1144,18.969,72.8205,303,Blunt Object,Afternoon,4.02
FIR-2024-1145,19.152,72.9,310,Blunt Object,Morning,0.62
FIR-2024-1146,18.93,72.83,103,Blunt Object,Morning,0.88
FIR-2024-1147,19.092,72.83,70,Blunt Object,Night,0.37
FIR-2024-1148,18.975,72.8333,126,Firearm,Afternoon,4.47
FIR-2024-1149,19.04,72.925,111,None,Morning,1.15
FIR-2024-1150,19.145,72.93,70,Firearm,Morning,1.46
FIR-2024-1151,19.055,72.915,320,Blunt Object,Morning,3.92
FIR-2024-1152,19.13,72.815,310,Firearm,Night,2.52
FIR-2024-1153,18.995,72.84,320,Explosive,Morning,4.56
FIR-2024-1154,19.13,72.815,103,Blunt Object,Night,3.38
FIR-2024-1155,19.04,72.925,320,Sharp Object,Afternoon,4.64
FIR-2024-1156,18.99,72.82,320,Blunt Object,Afternoon,0.32
FIR-2024-1157,18.97,72.84,111,Explosive,Night,3.68
FIR-2024-1158,19.145,72.93,115,Sharp Object,Evening,4.97
FIR-2024-1159,19.106,72.825,70,Explosive,Night,3.5
FIR-2024-1160,19.03,72.845,320,Sharp Object,Evening,4.35
FIR-2024-1161,19.1,72.91,320,None,Evening,0.32
FIR-2024-1162,19.01,72.825,320,None,Evening,4.18
FIR-2024-1163,19.062,72.898,310,Blunt Object,Night,4.45
FIR-2024-1164,18.958,72.805,70,Firearm,Morning,4.32
FIR-2024-1165,19.112,72.86,70,Blunt Object,Afternoon,0.63
FIR-2024-1166,19.063,72.828,70,None,Evening,1.84
FIR-2024-1167,19.002,72.818,310,None,Morning,4.35
FIR-2024-1168,19.133,72.915,126,Explosive,Morning,1.56
FIR-2024-1169,19.09,72.9,115,None,Afternoon,0.9
FIR-2024-1170,18.9432,72.8231,310,Firearm,Evening,2.19
FIR-2024-1171,19.212,72.85,303,Blunt Object,Night,3.22
FIR-2024-1172,19.11,72.895,310,Sharp Object,Morning,4.63
FIR-2024-1173,19.055,72.915,111,Blunt Object,Morning,4.55
FIR-2024-1174,19.1,72.91,303,None,Evening,1.17
FIR-2024-1175,19.037,72.8633,320,None,Afternoon,4.75
FIR-2024-1176,18.945,72.838,70,None,Afternoon,3.56
FIR-2024-1177,19.262,72.885,303,Explosive,Evening,1.41
FIR-2024-1178,18.935,72.828,303,None,Morning,2.03
FIR-2024-1179,19.037,72.8633,103,Blunt Object,Morning,4.87
FIR-2024-1180,19.052,72.85,111,Explosive,Morning,0.53
FIR-2024-1181,19.11,72.895,115,None,Night,0.51
FIR-2024-1182,19.085,72.845,115,Firearm,Afternoon,2.97
FIR-2024-1183,19.08,72.89,70,Sharp Object,Morning,1.66
FIR-2024-1184,19.162,72.91,115,None,Evening,2.12
FIR-2024-1185,19.06,72.84,310,None,Morning,1.5
FIR-2024-1186,19.106,72.825,126,Sharp Object,Morning,1.36
FIR-2024-1187,19.086,72.908,310,Firearm,Afternoon,2.93
FIR-2024-1188,19.125,72.835,310,Firearm,Afternoon,1.28
FIR-2024-1189,19.03,72.845,115,Sharp Object,Evening,3.09
FIR-2024-1190,18.94,72.8353,115,Blunt Object,Morning,3.28
FIR-2024-1191,19.0166,72.8295,303,Blunt Object,Evening,4.49
FIR-2024-1192,18.93,72.83,303,Sharp Object,Evening,1.68
FIR-2024-1193,19.152,72.9,320,Blunt Object,Night,0.94
FIR-2024-1194,19.027,72.85,103,Firearm,Morning,2.13
FIR-2024-1195,19.07,72.88,115,Sharp Object,Morning,0.62
FIR-2024-1196,19.025,72.83,303,None,Afternoon,4.54
FIR-2024-1197,19.175,72.885,126,Firearm,Night,1.63
FIR-2024-1198,19.021,72.854,310,Explosive,Afternoon,0.84
FIR-2024-1199,19.11,72.895,70,Blunt Object,Afternoon,0.91
FIR-2024-1200,18.97,72.84,310,Firearm,Night,0.44
FIR-2024-1201,19.117,72.875,303,Sharp Object,Morning,0.77
FIR-2024-1202,19.04,72.925,126,Explosive,Afternoon,1.92
FIR-2024-1203,19.065,72.863,126,Blunt Object,Morning,0.39
FIR-2024-1204,19.08,72.89,320,Explosive,Evening,4.18
FIR-2024-1205,19.0,72.855,111,Firearm,Afternoon,4.18
FIR-2024-1206,19.07,72.88,320,Sharp Object,Afternoon,0.57
FIR-2024-1207,19.112,72.86,310,Blunt Object,Night,3.03
FIR-2024-1208,18.962,72.83,320,Firearm,Afternoon,3.27
FIR-2024-1209,19.232,72.855,111,None,Morning,4.52
FIR-2024-1210,19.133,72.915,115,None,Afternoon,2.92
FIR-2024-1211,18.969,72.8205,320,Explosive,Night,2.66
FIR-2024-1212,19.245,72.85,103,Blunt Object,Night,4.24
FIR-2024-1213,19.242,72.865,126,None,Evening,1.04
FIR-2024-1214,18.9633,72.8155,320,Firearm,Night,1.92
FIR-2024-1215,19.063,72.828,320,Explosive,Morning,1.12
FIR-2024-1216,18.978,72.815,310,None,Evening,2.28
FIR-2024-1217,19.0222,72.84,103,Blunt Object,Evening,4.0
FIR-2024-1218,19.1,72.84,103,Firearm,Afternoon,2.28
FIR-2024-1219,19.037,72.8633,115,Blunt Object,Night,3.5
FIR-2024-1220,19.185,72.835,126,Firearm,Afternoon,1.43
FIR-2024-1221,19.117,72.875,115,Explosive,Evening,4.05
FIR-2024-1222,19.002,72.818,111,None,Evening,4.47
FIR-2024-1223,19.1,72.88,126,Blunt Object,Evening,2.78
FIR-2024-1224,19.117,72.875,303,None,Morning,2.87
FIR-2024-1225,19.09,72.9,310,Firearm,Morning,4.81
FIR-2024-1226,19.055,72.915,320,Explosive,Evening,1.75
FIR-2024-1227,19.015,72.84,303,None,Morning,0.48
FIR-2024-1228,19.21,72.87,303,Explosive,Afternoon,2.51
FIR-2024-1229,19.062,72.898,310,Blunt Object,Night,2.74
FIR-2024-1230,19.122,72.87,303,Sharp Object,Afternoon,0.5
FIR-2024-1231,19.102,72.85,115,Blunt Object,Morning,1.68
FIR-2024-1232,19.03,72.845,320,Blunt Object,Morning,0.7
FIR-2024-1233,19.132,72.88,320,Firearm,Morning,0.36
FIR-2024-1234,19.025,72.83,111,None,Afternoon,4.29
FIR-2024-1235,19.145,72.93,115,Explosive,Evening,0.6
FIR-2024-1236,19.145,72.855,115,Blunt Object,Morning,4.56
FIR-2024-1237,19.05,72.93,310,Sharp Object,Morning,4.66
FIR-2024-1238,19.01,72.825,126,Explosive,Evening,2.31
FIR-2024-1239,19.045,72.835,115,Explosive,Night,2.7
FIR-2024-1240,19.0,72.855,303,None,Morning,4.96
FIR-2024-1241,19.055,72.915,303,None,Afternoon,0.75
FIR-2024-1242,18.978,72.815,310,Blunt Object,Evening,1.2
FIR-2024-1243,18.95,72.82,310,Explosive,Afternoon,4.52
FIR-2024-1244,19.04,72.84,126,None,Evening,4.13
FIR-2024-1245,19.182,72.93,303,Explosive,Night,0.34
FIR-2024-1246,19.088,72.868,303,Explosive,Evening,3.08
FIR-2024-1247,19.262,72.885,103,Firearm,Morning,2.65
FIR-2024-1248,18.9221,72.8337,303,Firearm,Night,3.87
FIR-2024-1249,19.102,72.85,115,Firearm,Afternoon,1.3
FIR-2024-1250,19.062,72.898,320,Explosive,Morning,0.3
FIR-2024-1251,19.035,72.855,111,None,Evening,2.63
FIR-2024-1252,19.052,72.85,70,None,Evening,3.11
FIR-2024-1253,19.185,72.835,310,Explosive,Evening,3.88
FIR-2024-1254,19.21,72.87,303,Explosive,Afternoon,2.12
FIR-2024-1255,19.05,72.93,126,Blunt Object,Night,1.22
FIR-2024-1256,19.075,72.865,70,Sharp Object,Afternoon,1.64
FIR-2024-1257,19.06,72.84,115,Firearm,Night,1.48
FIR-2024-1258,18.9432,72.8231,126,Sharp Object,Morning,0.23
FIR-2024-1259,18.962,72.83,111,Sharp Object,Evening,0.27
FIR-2024-1260,19.085,72.845,111,Sharp Object,Afternoon,0.14
FIR-2024-1261,19.043,72.825,103,None,Afternoon,0.99
FIR-2024-1262,19.04,72.84,320,Firearm,Night,4.67
FIR-2024-1263,19.232,72.855,115,Firearm,Afternoon,1.13
FIR-2024-1264,19.21,72.87,320,Blunt Object,Evening,1.7
FIR-2024-1265,18.935,72.828,111,Firearm,Night,2.79
FIR-2024-1266,19.252,72.875,103,Explosive,Night,4.3
FIR-2024-1267,18.95,72.82,103,Sharp Object,Evening,4.67
FIR-2024-1268,19.145,72.855,320,None,Afternoon,3.9
FIR-2024-1269,19.122,72.87,126,Explosive,Afternoon,0.93
FIR-2024-1270,19.06,72.84,111,Blunt Object,Night,4.66
FIR-2024-1271,19.252,72.875,70,Sharp Object,Night,1.31
FIR-2024-1272,18.965,72.805,111,Blunt Object,Afternoon,3.37
FIR-2024-1273,19.245,72.85,115,Blunt Object,Afternoon,2.51
FIR-2024-1274,19.0222,72.84,303,None,Night,1.14
FIR-2024-1275,19.252,72.875,320,Blunt Object,Afternoon,0.29
FIR-2024-1276,19.255,72.865,303,Firearm,Evening,2.69
FIR-2024-1277,19.252,72.875,126,Explosive,Night,4.9
FIR-2024-1278,19.1,72.84,310,None,Evening,1.92
FIR-2024-1279,19.117,72.875,303,Explosive,Evening,4.97
FIR-2024-1280,18.95,72.82,303,Sharp Object,Afternoon,1.6
FIR-2024-1281,19.172,72.94,320,Firearm,Night,3.78
FIR-2024-1282,19.112,72.86,111,Firearm,Morning,0.27
FIR-2024-1283,18.969,72.8205,126,Firearm,Night,3.06
FIR-2024-1284,19.1,72.88,70,Sharp Object,Morning,4.23
FIR-2024-1285,19.088,72.868,126,Explosive,Evening,0.73
FIR-2024-1286,19.0,72.855,303,None,Evening,4.15
FIR-2024-1287,19.062,72.898,103,None,Evening,1.59
FIR-2024-1288,19.1,72.91,103,Sharp Object,Afternoon,4.4
FIR-2024-1289,19.21,72.87,111,None,Night,2.73
FIR-2024-1290,19.05,72.93,303,Explosive,Morning,3.48
FIR-2024-1291,19.192,72.94,320,Sharp Object,Afternoon,3.36
FIR-2024-1292,19.0166,72.8295,320,None,Evening,4.9
FIR-2024-1293,19.086,72.908,115,Explosive,Morning,0.52
FIR-2024-1294,19.07,72.83,126,Explosive,Morning,2.59
FIR-2024-1295,19.242,72.865,310,Explosive,Morning,4.32
FIR-2024-1296,19.01,72.825,70,Sharp Object,Evening,1.39
FIR-2024-1297,19.086,72.908,303,None,Night,2.81
FIR-2024-1298,19.142,72.89,320,None,Morning,4.35
FIR-2024-1299,19.0,72.855,70,Blunt Object,Morning,3.59
FIR-2024-1300,19.06,72.84,320,None,Night,4.59
FIR-2024-1301,18.935,72.828,320,Explosive,Morning,2.04
FIR-2024-1302,19.182,72.93,115,Firearm,Evening,3.55
FIR-2024-1303,19.055,72.915,126,Explosive,Morning,2.69
FIR-2024-1304,18.995,72.84,320,None,Night,4.08
FIR-2024-1305,19.112,72.86,320,Sharp Object,Night,0.43
FIR-2024-1306,19.175,72.885,115,Sharp Object,Morning,2.64
FIR-2024-1307,19.132,72.88,70,Sharp Object,Afternoon,2.96
FIR-2024-1308,18.935,72.828,303,None,Morning,2.72
FIR-2024-1309,19.055,72.915,320,Sharp Object,Night,0.18
FIR-2024-1310,19.112,72.86,115,Explosive,Morning,1.95
FIR-2024-1311,19.11,72.92,115,Blunt Object,Morning,2.68
FIR-2024-1312,18.978,72.815,103,Firearm,Afternoon,4.11
FIR-2024-1313,19.102,72.85,111,Sharp Object,Evening,1.19
FIR-2024-1314,18.995,72.84,303,Firearm,Morning,0.87
FIR-2024-1315,19.043,72.825,115,Firearm,Evening,0.76
FIR-2024-1316,19.13,72.815,126,Sharp Object,Morning,1.86
FIR-2024-1317,19.15,72.88,320,Explosive,Afternoon,3.51
FIR-2024-1318,19.03,72.845,111,Blunt Object,Morning,1.83
FIR-2024-1319,19.063,72.828,103,Explosive,Afternoon,3.55
FIR-2024-1320,19.115,72.885,111,None,Afternoon,1.65
FIR-2024-1321,19.145,72.93,111,None,Morning,3.96
FIR-2024-1322,19.043,72.825,70,None,Evening,0.61
FIR-2024-1323,19.0222,72.84,70,Blunt Object,Night,1.33
FIR-2024-1324,19.155,72.865,115,None,Evening,0.46
FIR-2024-1325,19.202,72.86,303,Firearm,Night,2.87
FIR-2024-1326,19.063,72.828,126,Blunt Object,Afternoon,3.94
FIR-2024-1327,19.145,72.93,70,Blunt Object,Afternoon,3.49
FIR-2024-1328,19.245,72.85,115,None,Morning,3.59
FIR-2024-1329,19.242,72.865,310,Explosive,Evening,4.09
FIR-2024-1330,19.192,72.94,303,Firearm,Evening,2.92
FIR-2024-1331,19.035,72.855,115,Blunt Object,Afternoon,1.37
FIR-2024-1332,18.9633,72.8155,126,Firearm,Afternoon,0.68
FIR-2024-1333,19.11,72.895,320,None,Afternoon,0.38
FIR-2024-1334,19.027,72.85,310,None,Afternoon,0.31
FIR-2024-1335,19.086,72.908,303,None,Morning,1.03
FIR-2024-1336,19.222,72.845,310,Explosive,Afternoon,0.52
FIR-2024-1337,18.94,72.8353,70,Sharp Object,Morning,4.34
FIR-2024-1338,19.172,72.92,70,Blunt Object,Night,4.86
FIR-2024-1339,19.11,72.92,70,Blunt Object,Morning,4.86
FIR-2024-1340,19.172,72.94,70,None,Night,0.11
FIR-2024-1341,19.152,72.9,103,Blunt Object,Morning,1.48
FIR-2024-1342,19.052,72.85,303,Explosive,Night,1.14
FIR-2024-1343,19.002,72.818,70,None,Night,0.15
FIR-2024-1344,19.262,72.885,111,None,Evening,1.61
FIR-2024-1345,19.162,72.91,70,None,Morning,2.43
FIR-2024-1346,19.222,72.845,320,Explosive,Night,2.06
FIR-2024-1347,19.043,72.825,115,Firearm,Morning,4.58
FIR-2024-1348,19.21,72.87,126,Explosive,Night,1.92
FIR-2024-1349,19.262,72.885,115,None,Night,3.0
FIR-2024-1350,19.232,72.855,126,None,Evening,1.34
FIR-2024-1351,19.037,72.8633,111,Blunt Object,Night,3.13
FIR-2024-1352,19.252,72.875,111,None,Morning,2.84
FIR-2024-1353,18.935,72.828,320,Explosive,Morning,3.66
FIR-2024-1354,19.0686,72.8766,310,Firearm,Evening,1.21
FIR-2024-1355,19.172,72.94,310,Blunt Object,Evening,2.57
FIR-2024-1356,19.08,72.89,70,Firearm,Evening,1.34
FIR-2024-1357,19.192,72.94,126,Explosive,Afternoon,0.33
FIR-2024-1358,18.94,72.8353,111,Blunt Object,Afternoon,3.17
FIR-2024-1359,19.182,72.93,303,None,Evening,3.16
FIR-2024-1360,18.985,72.83,303,Explosive,Afternoon,4.71
FIR-2024-1361,19.175,72.885,70,None,Night,1.96
FIR-2024-1362,19.03,72.845,310,Sharp Object,Night,3.22
FIR-2024-1363,18.95,72.82,115,Firearm,Night,3.3
FIR-2024-1364,19.037,72.8633,103,Explosive,Afternoon,3.17
FIR-2024-1365,19.025,72.83,111,None,Morning,1.34
FIR-2024-1366,18.99,72.82,303,Explosive,Evening,3.71
FIR-2024-1367,19.162,72.91,126,None,Morning,3.74
FIR-2024-1368,18.93,72.83,320,None,Evening,2.17
FIR-2024-1369,19.212,72.85,126,Blunt Object,Morning,0.22
FIR-2024-1370,19.112,72.86,310,Explosive,Afternoon,0.19
FIR-2024-1371,19.222,72.845,115,Firearm,Evening,1.09
FIR-2024-1372,19.055,72.915,320,Sharp Object,Afternoon,0.93
FIR-2024-1373,19.088,72.868,303,None,Morning,0.86
FIR-2024-1374,18.962,72.83,310,Firearm,Afternoon,1.91
FIR-2024-1375,19.262,72.885,111,Blunt Object,Night,4.79
FIR-2024-1376,18.99,72.82,126,None,Night,2.89
FIR-2024-1377,18.99,72.82,126,Firearm,Morning,3.99
FIR-2024-1378,18.968,72.813,126,None,Evening,4.19
FIR-2024-1379,19.04,72.925,115,Firearm,Evening,0.35
FIR-2024-1380,19.172,72.92,310,Sharp Object,Night,0.15
FIR-2024-1381,18.978,72.815,126,Firearm,Morning,4.32
FIR-2024-1382,19.02,72.92,310,Firearm,Morning,2.46
FIR-2024-1383,18.9548,72.7985,126,Explosive,Night,2.59
FIR-2024-1384,19.133,72.915,126,Firearm,Night,0.6
FIR-2024-1385,19.088,72.868,310,Firearm,Morning,4.88
FIR-2024-1386,19.06,72.84,111,Blunt Object,Morning,3.5
FIR-2024-1387,19.027,72.85,103,Firearm,Afternoon,4.34
FIR-2024-1388,19.165,72.875,303,Explosive,Evening,3.01
FIR-2024-1389,19.13,72.815,70,None,Evening,2.91
FIR-2024-1390,19.058,72.845,310,Blunt Object,Evening,1.21
FIR-2024-1391,19.03,72.845,310,Firearm,Night,4.24
FIR-2024-1392,19.058,72.845,126,Blunt Object,Evening,2.1
FIR-2024-1393,18.93,72.83,103,Firearm,Night,4.4
FIR-2024-1394,19.052,72.85,303,None,Afternoon,1.68
FIR-2024-1395,19.133,72.915,70,Sharp Object,Morning,2.87
FIR-2024-1396,19.08,72.855,103,Explosive,Night,0.71
FIR-2024-1397,19.058,72.845,111,Sharp Object,Morning,0.43
FIR-2024-1398,19.165,72.875,70,None,Night,2.72
FIR-2024-1399,19.01,72.825,303,Sharp Object,Afternoon,1.57
FIR-2024-1400,19.262,72.885,111,Explosive,Evening,0.77
FIR-2024-1401,18.969,72.8205,111,Blunt Object,Afternoon,4.03
FIR-2024-1402,19.145,72.93,126,None,Night,2.09
FIR-2024-1403,19.133,72.915,70,Sharp Object,Afternoon,1.92
FIR-2024-1404,19.142,72.89,115,Firearm,Night,4.77
FIR-2024-1405,19.142,72.89,126,Blunt Object,Afternoon,3.59
FIR-2024-1406,18.958,72.805,103,Blunt Object,Evening,2.79
FIR-2024-1407,19.052,72.85,320,Firearm,Afternoon,2.26
FIR-2024-1408,19.222,72.845,310,Firearm,Morning,3.27
FIR-2024-1409,18.985,72.83,310,Explosive,Morning,1.55
FIR-2024-1410,19.04,72.925,111,Sharp Object,Night,4.57
FIR-2024-1411,18.945,72.838,126,Explosive,Evening,1.83
FIR-2024-1412,18.945,72.838,320,Blunt Object,Evening,4.65
FIR-2024-1413,19.245,72.85,103,Explosive,Morning,4.35
FIR-2024-1414,19.21,72.87,70,Explosive,Morning,3.99
FIR-2024-1415,19.165,72.875,310,Blunt Object,Evening,3.65
FIR-2024-1416,19.272,72.895,310,Sharp Object,Night,0.65
FIR-2024-1417,19.1,72.88,310,Sharp Object,Evening,3.38
FIR-2024-1418,18.95,72.82,70,None,Evening,3.46
FIR-2024-1419,19.075,72.865,115,Explosive,Afternoon,4.94
FIR-2024-1420,18.95,72.82,320,Sharp Object,Morning,4.65
FIR-2024-1421,19.015,72.84,115,Explosive,Afternoon,4.96
FIR-2024-1422,18.945,72.838,103,None,Morning,0.47
FIR-2024-1423,19.075,72.865,303,Sharp Object,Afternoon,4.22
FIR-2024-1424,18.968,72.813,126,Firearm,Night,0.57
FIR-2024-1425,19.13,72.815,320,Explosive,Morning,4.81
FIR-2024-1426,18.9543,72.8115,303,None,Night,4.09
FIR-2024-1427,19.106,72.825,115,None,Morning,2.79
FIR-2024-1428,19.092,72.83,70,Blunt Object,Afternoon,2.57
FIR-2024-1429,18.93,72.83,126,Firearm,Evening,2.29
FIR-2024-1430,19.043,72.825,126,Firearm,Afternoon,3.74
FIR-2024-1431,19.117,72.875,303,Firearm,Night,2.22
FIR-2024-1432,18.9256,72.8242,103,Explosive,Evening,1.53
FIR-2024-1433,18.985,72.83,111,Firearm,Night,3.19
FIR-2024-1434,19.142,72.89,303,None,Evening,3.58
FIR-2024-1435,19.252,72.875,320,Sharp Object,Morning,0.98
FIR-2024-1436,19.055,72.915,103,Firearm,Night,4.88
FIR-2024-1437,19.11,72.92,70,Sharp Object,Night,1.41
FIR-2024-1438,19.08,72.855,310,None,Night,2.28
FIR-2024-1439,19.002,72.818,111,Sharp Object,Morning,1.86
FIR-2024-1440,19.063,72.828,310,Explosive,Afternoon,0.39
FIR-2024-1441,19.08,72.89,126,Sharp Object,Morning,1.89
FIR-2024-1442,19.1,72.84,70,Sharp Object,Night,3.6
FIR-2024-1443,19.182,72.93,111,None,Night,0.3
FIR-2024-1444,19.152,72.9,111,Sharp Object,Morning,4.43
FIR-2024-1445,19.192,72.94,103,Explosive,Morning,4.8
FIR-2024-1446,19.132,72.88,111,Explosive,Evening,0.34
FIR-2024-1447,19.0686,72.8766,320,Firearm,Night,2.34
FIR-2024-1448,18.962,72.83,115,Firearm,Morning,1.46
FIR-2024-1449,19.015,72.84,70,Blunt Object,Afternoon,1.11
FIR-2024-1450,19.035,72.855,126,None,Morning,4.83
FIR-2024-1451,18.965,72.805,70,Sharp Object,Afternoon,4.29
FIR-2024-1452,19.088,72.868,320,Blunt Object,Night,0.7
FIR-2024-1453,19.088,72.868,310,Sharp Object,Afternoon,3.27
FIR-2024-1454,19.063,72.828,115,Firearm,Morning,3.09
FIR-2024-1455,18.95,72.82,111,Explosive,Night,0.29
FIR-2024-1456,19.088,72.868,126,Blunt Object,Morning,4.66
FIR-2024-1457,19.255,72.865,115,Firearm,Night,1.28
FIR-2024-1458,19.252,72.875,111,Firearm,Night,0.46
FIR-2024-1459,19.112,72.86,103,Firearm,Morning,1.7
FIR-2024-1460,19.172,72.92,103,Explosive,Evening,3.61
FIR-2024-1461,19.252,72.875,111,Explosive,Evening,4.55
FIR-2024-1462,19.182,72.93,303,Explosive,Evening,4.21
FIR-2024-1463,19.04,72.925,115,None,Evening,0.6
FIR-2024-1464,19.085,72.845,320,None,Morning,1.61
FIR-2024-1465,19.0,72.855,320,Explosive,Night,1.18
FIR-2024-1466,19.172,72.92,303,Firearm,Evening,3.12
FIR-2024-1467,19.02,72.92,310,None,Morning,0.45
FIR-2024-1468,19.035,72.855,303,Firearm,Afternoon,3.22
FIR-2024-1469,18.972,72.825,70,Explosive,Morning,2.2
FIR-2024-1470,19.015,72.84,126,Sharp Object,Night,1.95
FIR-2024-1471,19.04,72.925,303,Firearm,Morning,2.46
FIR-2024-1472,19.085,72.845,103,Sharp Object,Afternoon,0.63
FIR-2024-1473,19.165,72.875,303,None,Afternoon,4.25
FIR-2024-1474,18.965,72.805,320,None,Evening,4.61
FIR-2024-1475,18.9633,72.8155,126,Explosive,Morning,3.46
FIR-2024-1476,19.192,72.94,115,Sharp Object,Night,2.37
FIR-2024-1477,19.055,72.915,103,None,Afternoon,2.83
FIR-2024-1478,19.037,72.8633,320,Firearm,Night,2.46
FIR-2024-1479,19.132,72.88,115,Sharp Object,Night,3.44
FIR-2024-1480,19.252,72.875,70,Firearm,Evening,4.31
FIR-2024-1481,19.13,72.815,70,Firearm,Evening,1.57
FIR-2024-1482,19.112,72.86,70,None,Evening,2.75
FIR-2024-1483,19.155,72.865,310,Sharp Object,Afternoon,4.58
FIR-2024-1484,18.985,72.83,320,Sharp Object,Night,1.34
FIR-2024-1485,19.1,72.91,310,Blunt Object,Afternoon,2.02
FIR-2024-1486,19.0686,72.8766,103,Explosive,Night,3.97
FIR-2024-1487,19.075,72.865,126,Blunt Object,Morning,3.67
FIR-2024-1488,19.025,72.83,103,None,Morning,1.04
FIR-2024-1489,19.07,72.83,310,Blunt Object,Afternoon,2.38
FIR-2024-1490,18.9633,72.8155,303,Sharp Object,Night,0.29
FIR-2024-1491,19.045,72.835,111,None,Night,1.44
FIR-2024-1492,19.06,72.84,115,Firearm,Afternoon,1.93
FIR-2024-1493,19.0166,72.8295,320,Sharp Object,Night,1.11
FIR-2024-1494,19.07,72.83,70,None,Evening,0.98
FIR-2024-1495,19.152,72.9,310,Firearm,Morning,2.39
FIR-2024-1496,19.08,72.855,115,Blunt Object,Morning,2.93
FIR-2024-1497,18.9256,72.8242,126,Blunt Object,Afternoon,4.47
FIR-2024-1498,19.11,72.895,103,Firearm,Afternoon,3.61
FIR-2024-1499,19.11,72.92,320,Blunt Object,Morning,0.97
FIR-2024-1500,19.0686,72.8766,115,Blunt Object,Afternoon,4.04
FIR-2024-1501,19.08,72.855,115,Blunt Object,Night,1.17
FIR-2024-1502,19.0222,72.84,320,Firearm,Morning,1.11
FIR-2024-1503,19.172,72.94,115,Firearm,Afternoon,1.05
FIR-2024-1504,19.145,72.93,70,Sharp Object,Evening,0.69
FIR-2024-1505,18.995,72.84,303,Explosive,Evening,4.36
FIR-2024-1506,19.085,72.845,303,Blunt Object,Morning,3.01
FIR-2024-1507,19.063,72.828,303,Sharp Object,Morning,3.54
FIR-2024-1508,18.94,72.8353,111,Blunt Object,Night,0.71
FIR-2024-1509,19.13,72.815,320,Sharp Object,Evening,1.74
FIR-2024-1510,19.175,72.885,303,None,Evening,1.1
FIR-2024-1511,19.07,72.88,126,Sharp Object,Night,2.49
FIR-2024-1512,19.043,72.825,320,None,Night,0.4
FIR-2024-1513,19.202,72.86,70,Sharp Object,Morning,0.56
FIR-2024-1514,19.232,72.855,310,Blunt Object,Evening,1.81
FIR-2024-1515,18.968,72.813,126,Explosive,Night,0.25
FIR-2024-1516,18.945,72.838,111,Firearm,Night,0.61
FIR-2024-1517,19.242,72.865,111,Explosive,Morning,4.96
FIR-2024-1518,19.11,72.92,103,Firearm,Morning,3.03
FIR-2024-1519,19.115,72.885,126,Sharp Object,Afternoon,0.9
FIR-2024-1520,19.202,72.86,70,Blunt Object,Evening,2.88
FIR-2024-1521,19.15,72.88,115,Sharp Object,Night,2.09
FIR-2024-1522,18.935,72.828,310,None,Afternoon,1.67
FIR-2024-1523,19.175,72.885,126,Sharp Object,Night,1.41
FIR-2024-1524,19.015,72.84,320,Blunt Object,Night,1.74
FIR-2024-1525,19.08,72.855,126,Explosive,Night,2.43
FIR-2024-1526,19.117,72.875,115,Blunt Object,Evening,4.49
FIR-2024-1527,18.945,72.838,103,Blunt Object,Afternoon,3.29
FIR-2024-1528,19.1,72.88,126,Explosive,Afternoon,1.28
FIR-2024-1529,18.9633,72.8155,126,Sharp Object,Evening,2.08
FIR-2024-1530,18.9432,72.8231,111,None,Afternoon,3.55
FIR-2024-1531,19.02,72.92,111,None,Night,0.45
FIR-2024-1532,19.092,72.83,320,Firearm,Night,1.59
FIR-2024-1533,19.1,72.88,103,None,Evening,2.79
FIR-2024-1534,19.035,72.855,111,Sharp Object,Evening,3.57
FIR-2024-1535,18.958,72.805,303,Firearm,Afternoon,4.81
FIR-2024-1536,19.142,72.89,320,Firearm,Night,3.47
FIR-2024-1537,19.04,72.84,111,Firearm,Night,4.44
FIR-2024-1538,19.13,72.815,111,Firearm,Night,1.78
FIR-2024-1539,18.975,72.8333,111,Blunt Object,Night,3.51
FIR-2024-1540,18.94,72.8353,126,None,Morning,3.18
FIR-2024-1541,19.125,72.835,126,Explosive,Evening,4.01
FIR-2024-1542,19.11,72.895,310,Sharp Object,Evening,4.78
FIR-2024-1543,19.152,72.9,103,Blunt Object,Morning,2.94
FIR-2024-1544,19.063,72.828,310,Blunt Object,Night,0.63
FIR-2024-1545,19.11,72.92,310,Explosive,Evening,4.92
FIR-2024-1546,19.025,72.83,126,Sharp Object,Morning,0.18
FIR-2024-1547,19.133,72.915,70,None,Afternoon,4.75
FIR-2024-1548,19.245,72.85,70,Explosive,Evening,2.52
FIR-2024-1549,18.93,72.83,70,None,Morning,3.72
FIR-2024-1550,19.21,72.87,115,Sharp Object,Morning,4.22
FIR-2024-1551,19.135,72.845,303,Firearm,Night,0.43
FIR-2024-1552,19.145,72.93,303,Sharp Object,Evening,0.62
FIR-2024-1553,18.995,72.84,126,Blunt Object,Morning,4.57
FIR-2024-1554,19.09,72.9,303,Firearm,Morning,1.34
FIR-2024-1555,19.0686,72.8766,320,Firearm,Morning,1.3
FIR-2024-1556,19.088,72.868,70,Firearm,Evening,2.47
FIR-2024-1557,18.978,72.815,126,Firearm,Morning,1.55
FIR-2024-1558,19.08,72.855,310,Explosive,Evening,2.74
FIR-2024-1559,18.969,72.8205,111,Explosive,Night,0.73
FIR-2024-1560,19.1,72.88,111,Firearm,Evening,4.44
FIR-2024-1561,19.086,72.908,310,Explosive,Night,3.4
FIR-2024-1562,19.252,72.875,70,None,Morning,3.62
FIR-2024-1563,19.202,72.86,303,Sharp Object,Morning,1.7
FIR-2024-1564,19.035,72.855,70,Sharp Object,Night,2.84
FIR-2024-1565,19.09,72.9,126,Blunt Object,Night,1.82
FIR-2024-1566,19.07,72.83,103,Blunt Object,Afternoon,4.08
FIR-2024-1567,19.09,72.9,320,None,Night,1.6
FIR-2024-1568,19.09,72.9,103,Firearm,Afternoon,2.96
FIR-2024-1569,18.94,72.8353,115,Sharp Object,Afternoon,0.6
FIR-2024-1570,19.075,72.865,320,Blunt Object,Afternoon,1.72
FIR-2024-1571,19.027,72.85,126,Sharp Object,Morning,1.97
FIR-2024-1572,19.043,72.825,111,Explosive,Morning,2.13
FIR-2024-1573,18.969,72.8205,70,None,Afternoon,0.27
FIR-2024-1574,18.9633,72.8155,320,Explosive,Morning,2.7
FIR-2024-1575,19.075,72.865,310,Sharp Object,Afternoon,2.3
FIR-2024-1576,19.075,72.865,310,Sharp Object,Night,0.38
FIR-2024-1577,18.9432,72.8231,303,Firearm,Evening,2.34
FIR-2024-1578,19.255,72.865,111,Blunt Object,Morning,3.91
FIR-2024-1579,19.155,72.865,310,Sharp Object,Night,4.61
FIR-2024-1580,19.115,72.885,115,Sharp Object,Morning,2.02
FIR-2024-1581,19.112,72.86,126,Explosive,Morning,4.1
FIR-2024-1582,19.065,72.863,103,Sharp Object,Night,2.1
FIR-2024-1583,19.182,72.93,320,Explosive,Morning,3.73
FIR-2024-1584,19.063,72.828,303,Blunt Object,Afternoon,4.07
FIR-2024-1585,19.145,72.93,126,Explosive,Afternoon,1.86
FIR-2024-1586,19.0686,72.8766,310,Explosive,Morning,2.06
FIR-2024-1587,18.97,72.84,111,None,Afternoon,4.14
FIR-2024-1588,18.99,72.82,310,Blunt Object,Afternoon,2.99
FIR-2024-1589,19.272,72.895,103,Explosive,Evening,0.87
FIR-2024-1590,19.255,72.865,126,Blunt Object,Night,3.37
FIR-2024-1591,18.958,72.805,111,Sharp Object,Evening,4.61
FIR-2024-1592,19.058,72.845,303,Sharp Object,Evening,3.46
FIR-2024-1593,18.95,72.82,103,Firearm,Night,2.7
FIR-2024-1594,19.255,72.865,103,None,Evening,2.85
FIR-2024-1595,18.9548,72.7985,303,Explosive,Evening,1.99
FIR-2024-1596,18.99,72.82,310,Blunt Object,Night,1.34
FIR-2024-1597,19.062,72.898,126,Blunt Object,Afternoon,2.42
FIR-2024-1598,19.0166,72.8295,310,Blunt Object,Afternoon,0.99
FIR-2024-1599,19.222,72.845,115,Sharp Object,Morning,3.65
FIR-2024-1600,19.133,72.915,103,None,Night,3.78
FIR-2024-1601,19.155,72.865,115,Explosive,Morning,3.61
FIR-2024-1602,19.255,72.865,320,None,Afternoon,0.97
FIR-2024-1603,19.052,72.85,126,Firearm,Evening,4.43
FIR-2024-1604,18.9256,72.8242,310,Explosive,Morning,1.31
FIR-2024-1605,19.145,72.93,310,Firearm,Afternoon,0.78
FIR-2024-1606,18.99,72.82,115,Sharp Object,Morning,4.75
FIR-2024-1607,19.065,72.863,310,Sharp Object,Morning,2.26
FIR-2024-1608,19.155,72.865,115,Blunt Object,Night,4.19
FIR-2024-1609,19.037,72.8633,70,Firearm,Evening,4.1
FIR-2024-1610,19.09,72.9,70,Blunt Object,Afternoon,3.0
FIR-2024-1611,19.06,72.84,310,Sharp Object,Evening,1.44
FIR-2024-1612,19.11,72.92,103,Firearm,Morning,2.87
FIR-2024-1613,18.965,72.805,115,Explosive,Evening,2.52
FIR-2024-1614,18.99,72.82,126,None,Afternoon,2.32
FIR-2024-1615,19.15,72.88,70,Explosive,Evening,3.2
FIR-2024-1616,19.058,72.845,303,Sharp Object,Afternoon,2.87
FIR-2024-1617,19.002,72.818,310,Blunt Object,Afternoon,2.54
FIR-2024-1618,19.0686,72.8766,320,Firearm,Morning,3.61
FIR-2024-1619,19.1,72.84,70,Firearm,Afternoon,4.2
FIR-2024-1620,19.058,72.845,115,Explosive,Morning,4.92
FIR-2024-1621,19.115,72.885,303,Explosive,Afternoon,0.56
FIR-2024-1622,19.08,72.89,303,Explosive,Morning,4.33
FIR-2024-1623,18.965,72.805,70,Blunt Object,Afternoon,4.59
FIR-2024-1624,19.155,72.865,320,Blunt Object,Morning,4.31
FIR-2024-1625,19.272,72.895,111,Sharp Object,Evening,1.07
FIR-2024-1626,18.995,72.84,303,Explosive,Evening,2.11
FIR-2024-1627,19.065,72.863,303,Sharp Object,Afternoon,0.51
FIR-2024-1628,18.968,72.813,103,Firearm,Evening,3.33
FIR-2024-1629,18.968,72.813,126,None,Afternoon,2.69
FIR-2024-1630,18.95,72.82,103,Sharp Object,Night,2.67
FIR-2024-1631,19.0166,72.8295,303,Sharp Object,Night,2.46
FIR-2024-1632,19.11,72.92,70,Sharp Object,Evening,2.91
FIR-2024-1633,19.027,72.85,303,Sharp Object,Night,4.29
FIR-2024-1634,19.152,72.9,115,Explosive,Afternoon,1.62
FIR-2024-1635,19.175,72.885,310,Blunt Object,Morning,0.49
FIR-2024-1636,19.115,72.885,111,None,Morning,3.61
FIR-2024-1637,19.172,72.92,115,Explosive,Evening,0.74
FIR-2024-1638,18.93,72.83,310,Explosive,Night,2.07
FIR-2024-1639,18.99,72.82,320,None,Evening,2.68
FIR-2024-1640,18.945,72.838,310,Blunt Object,Morning,2.82
FIR-2024-1641,19.05,72.93,310,Sharp Object,Night,2.13
FIR-2024-1642,19.058,72.845,115,Sharp Object,Afternoon,2.78
FIR-2024-1643,18.975,72.8333,320,Firearm,Evening,4.75
FIR-2024-1644,18.9548,72.7985,303,None,Night,1.93
FIR-2024-1645,18.972,72.825,126,None,Evening,3.86
FIR-2024-1646,19.088,72.868,303,Blunt Object,Evening,0.31
FIR-2024-1647,18.9633,72.8155,103,Sharp Object,Evening,0.4
FIR-2024-1648,19.02,72.92,310,Sharp Object,Afternoon,4.1
FIR-2024-1649,19.102,72.85,70,Firearm,Night,0.78
FIR-2024-1650,18.9256,72.8242,303,Firearm,Night,3.2
FIR-2024-1651,19.162,72.91,70,None,Afternoon,0.82
FIR-2024-1652,19.088,72.868,70,None,Evening,2.3
FIR-2024-1653,19.106,72.825,115,Sharp Object,Evening,2.79
FIR-2024-1654,19.145,72.93,303,None,Afternoon,1.48
FIR-2024-1655,18.995,72.84,103,None,Night,0.48
FIR-2024-1656,19.117,72.875,115,Explosive,Evening,2.4
FIR-2024-1657,18.9256,72.8242,126,None,Afternoon,1.08
FIR-2024-1658,18.94,72.8353,111,Firearm,Afternoon,4.08
FIR-2024-1659,18.97,72.84,111,Blunt Object,Night,3.63
FIR-2024-1660,19.04,72.84,111,Sharp Object,Evening,0.25
FIR-2024-1661,19.085,72.845,126,Firearm,Evening,3.12
FIR-2024-1662,19.212,72.85,126,Firearm,Evening,0.44
FIR-2024-1663,18.968,72.813,303,Sharp Object,Evening,3.2
FIR-2024-1664,18.969,72.8205,320,None,Night,4.02
FIR-2024-1665,19.05,72.93,115,Firearm,Afternoon,4.92
FIR-2024-1666,19.025,72.83,303,None,Evening,2.39
FIR-2024-1667,18.9543,72.8115,111,Firearm,Night,3.46
FIR-2024-1668,19.0686,72.8766,320,Blunt Object,Morning,2.36
FIR-2024-1669,18.985,72.83,126,Explosive,Night,1.31
FIR-2024-1670,18.93,72.83,103,Explosive,Afternoon,4.56
FIR-2024-1671,18.965,72.805,320,Blunt Object,Night,4.37
FIR-2024-1672,19.002,72.818,111,Firearm,Morning,3.91
FIR-2024-1673,18.965,72.805,111,Firearm,Afternoon,2.11
FIR-2024-1674,18.9633,72.8155,320,None,Morning,2.22
FIR-2024-1675,19.162,72.91,303,Sharp Object,Evening,2.06
FIR-2024-1676,19.07,72.83,103,Firearm,Evening,2.29
FIR-2024-1677,19.132,72.88,103,Firearm,Night,4.44
FIR-2024-1678,19.1,72.84,126,None,Morning,1.56
FIR-2024-1679,19.037,72.8633,320,Explosive,Morning,3.33
FIR-2024-1680,19.04,72.84,310,Sharp Object,Morning,4.63
FIR-2024-1681,19.152,72.9,310,Firearm,Evening,3.95
FIR-2024-1682,19.232,72.855,126,Firearm,Morning,1.75
FIR-2024-1683,19.092,72.83,303,None,Night,0.5
FIR-2024-1684,18.93,72.83,303,Firearm,Evening,2.31
FIR-2024-1685,19.075,72.865,320,Explosive,Afternoon,0.93
FIR-2024-1686,18.9633,72.8155,303,Sharp Object,Afternoon,1.22
FIR-2024-1687,19.122,72.87,310,Explosive,Night,3.74
FIR-2024-1688,19.245,72.85,320,Firearm,Evening,3.9
FIR-2024-1689,18.978,72.815,303,Explosive,Evening,1.92
FIR-2024-1690,18.978,72.815,303,Blunt Object,Afternoon,3.5
FIR-2024-1691,18.94,72.8353,70,Blunt Object,Afternoon,1.84
FIR-2024-1692,18.9221,72.8337,126,Explosive,Night,4.63
FIR-2024-1693,19.0166,72.8295,320,Explosive,Night,1.2
FIR-2024-1694,19.002,72.818,111,Sharp Object,Evening,1.97
FIR-2024-1695,19.192,72.94,111,Explosive,Afternoon,3.02
FIR-2024-1696,18.9548,72.7985,115,None,Evening,1.92
FIR-2024-1697,18.9548,72.7985,320,Sharp Object,Afternoon,1.78
FIR-2024-1698,18.9432,72.8231,320,Firearm,Night,2.31
FIR-2024-1699,18.972,72.825,111,Explosive,Afternoon,0.35
FIR-2024-1700,18.958,72.805,70,Firearm,Afternoon,3.27
FIR-2024-1701,19.06,72.84,303,Blunt Object,Morning,2.58
FIR-2024-1702,19.142,72.89,115,Blunt Object,Evening,1.99
FIR-2024-1703,18.935,72.828,126,Explosive,Morning,3.39
FIR-2024-1704,18.9221,72.8337,70,Explosive,Afternoon,3.3
FIR-2024-1705,19.086,72.908,310,None,Night,3.65
FIR-2024-1706,19.02,72.92,303,Sharp Object,Night,3.96
FIR-2024-1707,19.172,72.94,320,Blunt Object,Night,2.53
FIR-2024-1708,19.07,72.83,111,None,Morning,2.63
FIR-2024-1709,19.142,72.89,310,Firearm,Afternoon,2.58
FIR-2024-1710,19.01,72.825,320,Firearm,Evening,3.65
FIR-2024-1711,19.092,72.83,111,Firearm,Night,1.44
FIR-2024-1712,19.117,72.875,320,Firearm,Evening,2.2
FIR-2024-1713,19.086,72.908,310,Firearm,Morning,2.69
FIR-2024-1714,19.092,72.83,310,None,Afternoon,4.37
FIR-2024-1715,19.092,72.83,303,Firearm,Evening,2.9
FIR-2024-1716,19.08,72.855,103,Explosive,Afternoon,1.81
FIR-2024-1717,19.015,72.84,126,None,Night,0.49
FIR-2024-1718,18.995,72.84,320,Explosive,Evening,4.0
FIR-2024-1719,18.93,72.83,115,None,Afternoon,0.61
FIR-2024-1720,19.043,72.825,103,Blunt Object,Afternoon,3.72
FIR-2024-1721,19.002,72.818,310,Explosive,Evening,2.41
FIR-2024-1722,19.065,72.863,115,Blunt Object,Night,2.39
FIR-2024-1723,19.202,72.86,103,Sharp Object,Evening,0.69
FIR-2024-1724,19.172,72.92,320,Firearm,Evening,4.87
FIR-2024-1725,19.062,72.898,303,Firearm,Morning,0.73
FIR-2024-1726,19.086,72.908,115,Explosive,Evening,1.39
FIR-2024-1727,19.07,72.83,115,None,Afternoon,0.38
FIR-2024-1728,19.255,72.865,320,Blunt Object,Evening,1.76
FIR-2024-1729,18.99,72.82,303,Sharp Object,Night,3.97
FIR-2024-1730,19.025,72.83,111,None,Evening,2.25
FIR-2024-1731,19.052,72.85,115,Blunt Object,Afternoon,3.11
FIR-2024-1732,19.245,72.85,303,Sharp Object,Evening,2.86
FIR-2024-1733,19.172,72.92,70,Firearm,Night,1.62
FIR-2024-1734,19.11,72.895,303,Blunt Object,Evening,4.43
FIR-2024-1735,19.182,72.93,126,None,Afternoon,3.86
FIR-2024-1736,18.975,72.8333,126,None,Afternoon,1.02
FIR-2024-1737,19.142,72.89,111,Firearm,Morning,1.49
FIR-2024-1738,18.945,72.838,115,Explosive,Afternoon,0.6
FIR-2024-1739,18.93,72.83,310,Firearm,Morning,0.93
FIR-2024-1740,19.037,72.8633,111,Firearm,Afternoon,3.86
FIR-2024-1741,19.03,72.845,310,Blunt Object,Afternoon,2.36
FIR-2024-1742,18.958,72.805,303,None,Afternoon,2.87
FIR-2024-1743,19.175,72.885,303,Firearm,Night,4.43
FIR-2024-1744,18.945,72.838,126,Explosive,Night,0.5
FIR-2024-1745,19.21,72.87,70,None,Afternoon,2.73
FIR-2024-1746,19.04,72.84,126,Firearm,Afternoon,0.65
FIR-2024-1747,18.93,72.83,310,Explosive,Morning,3.65
FIR-2024-1748,18.985,72.83,70,Firearm,Morning,4.72
FIR-2024-1749,18.985,72.83,115,None,Afternoon,0.24
FIR-2024-1750,19.075,72.865,70,Firearm,Evening,1.67
FIR-2024-1751,19.035,72.855,126,Firearm,Afternoon,0.6
FIR-2024-1752,19.025,72.83,70,Blunt Object,Morning,1.69
FIR-2024-1753,19.15,72.88,320,Firearm,Morning,0.66
FIR-2024-1754,19.102,72.85,70,Blunt Object,Afternoon,2.54
FIR-2024-1755,19.035,72.855,303,Sharp Object,Morning,3.3
FIR-2024-1756,19.0166,72.8295,126,None,Morning,0.74
FIR-2024-1757,19.13,72.815,111,Sharp Object,Night,0.92
FIR-2024-1758,19.112,72.86,70,Explosive,Evening,3.98
FIR-2024-1759,19.075,72.865,111,None,Morning,2.71
FIR-2024-1760,19.122,72.87,303,None,Afternoon,4.04
FIR-2024-1761,18.9633,72.8155,70,Firearm,Afternoon,0.37
FIR-2024-1762,18.935,72.828,126,Sharp Object,Morning,4.56
FIR-2024-1763,19.145,72.855,115,Firearm,Morning,3.54
FIR-2024-1764,19.0222,72.84,320,None,Afternoon,3.28
FIR-2024-1765,19.132,72.88,111,Sharp Object,Afternoon,4.42
FIR-2024-1766,18.99,72.82,126,Sharp Object,Afternoon,3.09
FIR-2024-1767,19.0,72.855,310,Sharp Object,Morning,4.88
FIR-2024-1768,19.1,72.91,126,Firearm,Evening,2.92
FIR-2024-1769,19.262,72.885,310,Firearm,Afternoon,3.99
FIR-2024-1770,19.085,72.845,310,Blunt Object,Evening,4.26
FIR-2024-1771,19.085,72.845,310,Firearm,Night,0.81
FIR-2024-1772,19.162,72.91,70,Firearm,Night,1.46
FIR-2024-1773,18.99,72.82,310,None,Evening,1.87
FIR-2024-1774,18.965,72.805,320,Blunt Object,Evening,3.63
FIR-2024-1775,19.202,72.86,70,Explosive,Morning,4.05
FIR-2024-1776,19.115,72.885,126,Firearm,Evening,3.41
FIR-2024-1777,19.262,72.885,320,Sharp Object,Evening,0.89
FIR-2024-1778,19.192,72.94,310,Explosive,Night,1.88
FIR-2024-1779,19.145,72.855,310,None,Morning,2.95
FIR-2024-1780,19.002,72.818,70,Firearm,Evening,3.89
FIR-2024-1781,19.21,72.87,115,None,Evening,3.39
FIR-2024-1782,19.1,72.91,303,None,Morning,2.73
FIR-2024-1783,19.086,72.908,310,Blunt Object,Evening,2.02
FIR-2024-1784,19.165,72.875,70,Firearm,Night,3.49
FIR-2024-1785,19.135,72.845,115,Sharp Object,Evening,2.68
FIR-2024-1786,18.9432,72.8231,310,Firearm,Evening,2.42
FIR-2024-1787,19.102,72.85,320,Sharp Object,Afternoon,4.85
FIR-2024-1788,19.0166,72.8295,126,Blunt Object,Afternoon,4.52
FIR-2024-1789,19.172,72.92,111,Sharp Object,Night,0.44
FIR-2024-1790,19.062,72.898,126,Firearm,Evening,4.42
FIR-2024-1791,19.117,72.875,111,Explosive,Night,1.13
FIR-2024-1792,19.185,72.835,115,Blunt Object,Night,2.26
FIR-2024-1793,19.252,72.875,103,Firearm,Night,1.6
FIR-2024-1794,19.09,72.9,111,Firearm,Morning,4.18
FIR-2024-1795,18.958,72.805,111,Firearm,Afternoon,3.0
FIR-2024-1796,19.09,72.9,126,Firearm,Evening,2.59
FIR-2024-1797,19.192,72.94,303,Explosive,Evening,2.78
FIR-2024-1798,18.9543,72.8115,320,Sharp Object,Evening,0.65
FIR-2024-1799,19.21,72.87,115,Explosive,Night,4.31
FIR-2024-1800,18.95,72.82,103,Sharp Object,Morning,4.45
FIR-2024-1801,19.0686,72.8766,115,Blunt Object,Night,3.05
FIR-2024-1802,18.99,72.82,103,Sharp Object,Night,2.17
FIR-2024-1803,19.05,72.93,115,Firearm,Afternoon,1.13
FIR-2024-1804,19.135,72.845,310,Explosive,Morning,3.25
FIR-2024-1805,18.945,72.838,310,Firearm,Morning,1.85
FIR-2024-1806,19.242,72.865,115,Blunt Object,Afternoon,0.33
FIR-2024-1807,19.117,72.875,111,Blunt Object,Morning,2.69
FIR-2024-1808,19.115,72.885,320,Explosive,Evening,3.94
FIR-2024-1809,19.192,72.94,103,Blunt Object,Night,3.08
FIR-2024-1810,19.055,72.915,103,Firearm,Afternoon,0.74
FIR-2024-1811,19.115,72.885,103,Sharp Object,Morning,3.91
FIR-2024-1812,19.002,72.818,70,Firearm,Morning,2.25
FIR-2024-1813,19.1,72.84,320,None,Night,0.34
FIR-2024-1814,19.015,72.84,111,Firearm,Evening,1.64
FIR-2024-1815,19.135,72.845,320,Explosive,Night,4.61
FIR-2024-1816,19.135,72.845,320,Firearm,Morning,3.79
FIR-2024-1817,19.043,72.825,111,Firearm,Night,3.0
FIR-2024-1818,19.133,72.915,126,None,Night,3.97
FIR-2024-1819,19.135,72.845,115,None,Morning,1.38
FIR-2024-1820,19.172,72.92,111,Firearm,Afternoon,2.63
FIR-2024-1821,18.93,72.83,310,Sharp Object,Evening,0.46
FIR-2024-1822,18.972,72.825,126,None,Morning,2.77
FIR-2024-1823,19.062,72.898,126,Explosive,Afternoon,1.14
FIR-2024-1824,19.13,72.815,103,Firearm,Evening,1.48
FIR-2024-1825,18.9633,72.8155,103,Explosive,Evening,2.85
FIR-2024-1826,19.08,72.855,303,Firearm,Evening,4.07
FIR-2024-1827,19.02,72.92,115,None,Evening,3.99
FIR-2024-1828,19.08,72.855,111,None,Afternoon,2.02
FIR-2024-1829,19.192,72.94,126,Blunt Object,Morning,4.73
FIR-2024-1830,19.13,72.815,126,Explosive,Evening,2.65
FIR-2024-1831,19.21,72.87,103,Explosive,Night,1.64
FIR-2024-1832,19.075,72.865,111,Firearm,Evening,3.39
FIR-2024-1833,18.985,72.83,310,Explosive,Afternoon,2.9
FIR-2024-1834,19.15,72.88,126,Firearm,Evening,1.73
FIR-2024-1835,19.135,72.845,126,None,Afternoon,1.59
FIR-2024-1836,19.152,72.9,115,Firearm,Evening,0.93
FIR-2024-1837,19.09,72.9,310,Firearm,Night,3.29
FIR-2024-1838,19.11,72.92,126,Sharp Object,Evening,1.28
FIR-2024-1839,19.262,72.885,103,Explosive,Afternoon,4.14
FIR-2024-1840,19.08,72.89,303,Sharp Object,Night,1.64
FIR-2024-1841,18.9548,72.7985,126,Explosive,Evening,1.77
FIR-2024-1842,19.212,72.85,303,Blunt Object,Afternoon,1.87
FIR-2024-1843,19.02,72.92,115,Blunt Object,Night,0.58
FIR-2024-1844,19.043,72.825,111,Blunt Object,Night,2.25
FIR-2024-1845,19.135,72.845,115,Sharp Object,Morning,3.61
FIR-2024-1846,19.07,72.88,126,Firearm,Night,4.03
FIR-2024-1847,18.9543,72.8115,320,Firearm,Morning,2.11
FIR-2024-1848,19.058,72.845,320,Sharp Object,Afternoon,2.65
FIR-2024-1849,19.152,72.9,103,Sharp Object,Evening,3.07
FIR-2024-1850,19.035,72.855,115,Explosive,Morning,3.41
FIR-2024-1851,18.975,72.8333,111,Sharp Object,Evening,1.9
FIR-2024-1852,18.9432,72.8231,310,None,Afternoon,2.56
FIR-2024-1853,18.965,72.805,126,Firearm,Morning,1.72
FIR-2024-1854,18.9548,72.7985,111,Firearm,Morning,3.82
FIR-2024-1855,19.272,72.895,303,Firearm,Evening,0.28
FIR-2024-1856,19.1,72.88,103,Explosive,Morning,2.53
FIR-2024-1857,19.07,72.88,126,None,Evening,4.29
FIR-2024-1858,19.08,72.89,310,Explosive,Afternoon,3.51
FIR-2024-1859,19.075,72.865,111,None,Evening,2.99
FIR-2024-1860,19.03,72.845,303,None,Afternoon,4.16
FIR-2024-1861,19.255,72.865,126,Sharp Object,Evening,2.97
FIR-2024-1862,18.9543,72.8115,310,Firearm,Night,1.47
FIR-2024-1863,18.985,72.83,310,Sharp Object,Evening,0.68
FIR-2024-1864,19.02,72.92,310,None,Night,0.27
FIR-2024-1865,19.1,72.84,310,Firearm,Morning,4.75
FIR-2024-1866,19.092,72.83,320,Firearm,Afternoon,3.65
FIR-2024-1867,18.97,72.84,103,Blunt Object,Evening,0.28
FIR-2024-1868,18.975,72.8333,310,None,Morning,4.63
FIR-2024-1869,18.97,72.84,70,None,Afternoon,4.48
FIR-2024-1870,19.086,72.908,320,Sharp Object,Evening,2.4
FIR-2024-1871,19.192,72.94,320,Sharp Object,Morning,2.82
FIR-2024-1872,19.145,72.93,303,Sharp Object,Morning,3.88
FIR-2024-1873,18.962,72.83,303,Blunt Object,Night,4.46
FIR-2024-1874,19.015,72.84,115,Explosive,Afternoon,2.94
FIR-2024-1875,19.11,72.895,320,Sharp Object,Evening,0.78
FIR-2024-1876,19.142,72.89,126,Explosive,Night,2.78
FIR-2024-1877,19.035,72.855,115,None,Morning,2.87
FIR-2024-1878,18.93,72.83,111,Blunt Object,Afternoon,1.46
FIR-2024-1879,19.058,72.845,103,None,Afternoon,0.14
FIR-2024-1880,19.086,72.908,303,Firearm,Morning,4.62
FIR-2024-1881,19.07,72.88,303,Explosive,Morning,3.31
FIR-2024-1882,19.122,72.87,70,Blunt Object,Afternoon,2.22
FIR-2024-1883,19.185,72.835,303,Blunt Object,Morning,4.72
FIR-2024-1884,19.21,72.87,111,Firearm,Evening,4.18
FIR-2024-1885,19.037,72.8633,320,Blunt Object,Afternoon,1.77
FIR-2024-1886,18.9221,72.8337,310,Firearm,Morning,1.9
FIR-2024-1887,18.9256,72.8242,103,Firearm,Evening,3.65
FIR-2024-1888,19.015,72.84,126,Firearm,Night,1.2
FIR-2024-1889,19.1,72.84,320,Firearm,Evening,1.69
FIR-2024-1890,18.9221,72.8337,103,Blunt Object,Night,1.59
FIR-2024-1891,19.133,72.915,103,Explosive,Afternoon,1.37
FIR-2024-1892,19.08,72.855,103,Sharp Object,Afternoon,0.53
FIR-2024-1893,19.025,72.83,303,Sharp Object,Evening,4.7
FIR-2024-1894,19.058,72.845,115,Blunt Object,Evening,1.88
FIR-2024-1895,18.9543,72.8115,103,None,Morning,2.32
FIR-2024-1896,19.165,72.875,303,Sharp Object,Morning,0.81
FIR-2024-1897,19.1,72.84,310,Sharp Object,Afternoon,0.22
FIR-2024-1898,19.182,72.93,320,Sharp Object,Afternoon,3.46
FIR-2024-1899,18.975,72.8333,310,Explosive,Night,0.61
FIR-2024-1900,19.21,72.87,126,Blunt Object,Morning,4.15
FIR-2024-1901,19.063,72.828,103,Blunt Object,Afternoon,4.23
FIR-2024-1902,19.1,72.88,320,Sharp Object,Night,1.16
FIR-2024-1903,19.08,72.89,126,Sharp Object,Night,0.2
FIR-2024-1904,19.015,72.84,320,Sharp Object,Evening,2.98
FIR-2024-1905,19.117,72.875,303,Sharp Object,Morning,1.97
FIR-2024-1906,19.045,72.835,320,Explosive,Morning,4.32
FIR-2024-1907,19.175,72.885,111,None,Morning,1.78
FIR-2024-1908,18.9548,72.7985,126,Firearm,Night,0.96
FIR-2024-1909,18.9221,72.8337,115,Explosive,Evening,3.83
FIR-2024-1910,19.04,72.84,111,Firearm,Evening,2.58
FIR-2024-1911,18.9548,72.7985,111,Sharp Object,Night,1.13
FIR-2024-1912,19.272,72.895,115,None,Morning,3.63
FIR-2024-1913,19.145,72.855,303,None,Afternoon,3.94
FIR-2024-1914,19.07,72.83,126,Sharp Object,Afternoon,2.51
FIR-2024-1915,19.043,72.825,320,Explosive,Morning,2.24
FIR-2024-1916,18.9221,72.8337,320,None,Night,2.25
FIR-2024-1917,18.95,72.82,70,Explosive,Evening,0.65
FIR-2024-1918,19.08,72.89,111,Sharp Object,Afternoon,0.62
FIR-2024-1919,19.085,72.845,320,Sharp Object,Evening,1.97
FIR-2024-1920,18.978,72.815,111,Firearm,Morning,1.85
FIR-2024-1921,19.065,72.863,103,Explosive,Night,2.44
FIR-2024-1922,19.272,72.895,103,Firearm,Afternoon,2.71
FIR-2024-1923,19.175,72.885,320,None,Morning,1.09
FIR-2024-1924,19.21,72.87,126,None,Night,0.43
FIR-2024-1925,19.262,72.885,70,Explosive,Night,0.5
FIR-2024-1926,19.112,72.86,320,Explosive,Morning,2.05
FIR-2024-1927,19.145,72.855,310,Explosive,Afternoon,0.95
FIR-2024-1928,18.9548,72.7985,310,Blunt Object,Night,2.46
FIR-2024-1929,19.165,72.875,310,Sharp Object,Evening,2.85
FIR-2024-1930,19.086,72.908,70,Firearm,Evening,1.83
FIR-2024-1931,19.245,72.85,310,Explosive,Night,4.91
FIR-2024-1932,18.978,72.815,103,Blunt Object,Afternoon,1.88
FIR-2024-1933,19.062,72.898,111,Sharp Object,Afternoon,4.12
FIR-2024-1934,19.102,72.85,103,Explosive,Afternoon,2.2
FIR-2024-1935,19.145,72.93,103,Sharp Object,Morning,3.06
FIR-2024-1936,19.05,72.93,103,Firearm,Morning,1.44
FIR-2024-1937,19.145,72.93,103,Firearm,Evening,2.02
FIR-2024-1938,19.065,72.863,320,Sharp Object,Evening,4.36
FIR-2024-1939,18.958,72.805,126,Explosive,Morning,3.04
FIR-2024-1940,18.968,72.813,320,Sharp Object,Evening,2.22
FIR-2024-1941,19.0222,72.84,103,Blunt Object,Night,1.66
FIR-2024-1942,19.192,72.94,310,None,Night,0.13
FIR-2024-1943,19.058,72.845,303,Sharp Object,Evening,3.78
FIR-2024-1944,19.132,72.88,320,Blunt Object,Evening,2.4
FIR-2024-1945,19.21,72.87,111,Firearm,Afternoon,4.52
FIR-2024-1946,19.075,72.865,70,Blunt Object,Afternoon,1.87
FIR-2024-1947,18.965,72.805,303,Sharp Object,Afternoon,3.63
FIR-2024-1948,19.222,72.845,115,Explosive,Afternoon,4.73
FIR-2024-1949,18.972,72.825,303,None,Night,4.94
FIR-2024-1950,18.97,72.84,103,Sharp Object,Afternoon,4.86
FIR-2024-1951,18.93,72.83,320,Explosive,Evening,3.23
FIR-2024-1952,19.035,72.855,320,Blunt Object,Night,4.24
FIR-2024-1953,19.202,72.86,303,Explosive,Afternoon,1.22
FIR-2024-1954,19.0222,72.84,126,None,Morning,3.59
FIR-2024-1955,19.092,72.83,320,Sharp Object,Morning,1.94
FIR-2024-1956,18.978,72.815,303,Firearm,Night,0.24
FIR-2024-1957,18.978,72.815,310,Explosive,Afternoon,1.21
FIR-2024-1958,19.106,72.825,126,Blunt Object,Evening,2.63
FIR-2024-1959,18.969,72.8205,115,Blunt Object,Afternoon,1.12
FIR-2024-1960,19.0,72.855,126,Firearm,Night,1.48
FIR-2024-1961,18.97,72.84,310,None,Afternoon,0.34
FIR-2024-1962,18.975,72.8333,126,Sharp Object,Morning,1.71
FIR-2024-1963,19.015,72.84,303,Firearm,Night,4.05
FIR-2024-1964,19.052,72.85,115,Sharp Object,Evening,3.73
FIR-2024-1965,19.117,72.875,310,Sharp Object,Morning,4.58
FIR-2024-1966,19.11,72.895,310,None,Night,2.63
FIR-2024-1967,19.088,72.868,310,Firearm,Evening,1.88
FIR-2024-1968,19.052,72.85,115,Sharp Object,Afternoon,4.56
FIR-2024-1969,19.0166,72.8295,70,Sharp Object,Afternoon,0.13
FIR-2024-1970,18.94,72.8353,126,None,Evening,2.77
FIR-2024-1971,19.025,72.83,126,Sharp Object,Afternoon,1.55
FIR-2024-1972,19.015,72.84,103,Explosive,Evening,4.94
FIR-2024-1973,19.08,72.89,126,Explosive,Morning,1.04
FIR-2024-1974,19.065,72.863,303,Explosive,Night,4.86
FIR-2024-1975,19.03,72.845,111,Firearm,Evening,1.1
FIR-2024-1976,18.969,72.8205,320,Explosive,Morning,2.77
FIR-2024-1977,18.9221,72.8337,310,Sharp Object,Afternoon,2.34
FIR-2024-1978,19.115,72.885,126,Blunt Object,Evening,2.02
FIR-2024-1979,19.025,72.83,103,Firearm,Evening,1.87
FIR-2024-1980,18.978,72.815,126,Explosive,Morning,4.53
FIR-2024-1981,19.1,72.88,320,Blunt Object,Afternoon,2.38
FIR-2024-1982,19.035,72.855,111,Blunt Object,Afternoon,2.13
FIR-2024-1983,19.0222,72.84,115,Firearm,Night,1.74
FIR-2024-1984,19.065,72.863,115,Firearm,Night,1.27
FIR-2024-1985,19.03,72.845,303,Explosive,Afternoon,3.58
FIR-2024-1986,18.985,72.83,126,None,Evening,1.48
FIR-2024-1987,19.07,72.88,303,None,Evening,0.81
FIR-2024-1988,19.222,72.845,310,Sharp Object,Evening,0.85
FIR-2024-1989,19.252,72.875,111,Firearm,Night,3.78
FIR-2024-1990,18.945,72.838,115,None,Evening,2.57
FIR-2024-1991,19.255,72.865,111,Firearm,Evening,2.55
FIR-2024-1992,19.07,72.83,70,Blunt Object,Night,1.03
FIR-2024-1993,19.058,72.845,310,Sharp Object,Night,0.44
FIR-2024-1994,19.027,72.85,303,Sharp Object,Afternoon,0.27
FIR-2024-1995,19.21,72.87,126,Firearm,Evening,0.59
FIR-2024-1996,19.015,72.84,320,Explosive,Morning,2.05
FIR-2024-1997,19.162,72.91,126,Explosive,Night,2.37
FIR-2024-1998,19.112,72.86,115,Blunt Object,Night,1.39
FIR-2024-1999,18.9543,72.8115,320,None,Night,1.6
